Index,Product,,,,,,,,,
1,KIM CRAWFORD SAUVIGNON BLANC,,,,https://www.vivino.com/kim-crawford-sauvignon-blanc/w/66534?ref=nav-search,,,,,
2,DEINHARD PIESPORT GOLDTROPFCHEN,,,,https://www.vivino.com/de-deinhard-mosel-saal-ruwer-piesporter-goldtropfchen-riesling/w/2408352,,,,,
3,JACOB'S CREEK SHIRAZ CABERNET,,,,https://www.vivino.com/jacob-s-creek-shiraz-cabernet/w/2693,,,,,
4,SANTA MARGHERITA PINOT GRIGIO,,,,https://www.vivino.com/santa-margherita-pinot-grigio-valdadige/w/1184502,,,,,
5,FRESCOBALDI NIPOZZANO CHIANTI RISERVA,,,,NA,,,,,
6,LINDEMANS BIN 45 CABERNET SAUV,,,,https://www.vivino.com/lindemans-bin-45-cabernet-sauvignon/w/3776,,,,,
7,TAYLOR FLADGATE 10 YR OLD TAWNY,,,,NA,,,,,
8,HENKELL TROCKEN SEKT,,,,na,,,,,
9,BROTTE LA FIOLE DU PAPE,,,,https://www.vivino.com/brotte-la-fiole-du-pape-chateauneuf-du-pape/w/2374392,,,,,
10,DASSAI '23' PREMIUM JUMAI DAIGINJO SAKE,,,,,,,,,
11,SOGRAPE MATEUS ROSE,,,,,,,,,
12,FINCA VILLACRECES PRUNO RIBERA DEL DUERO,,,,https://www.vivino.com/finca-villacreces-pruno-ribera-del-duero/w/1141810,,,,,
13,PELEE ISLAND GEWURZTRAMINER VQA,,,,,,,,,
14,LINDEMANS BIN 65 CHARDONNAY,,,,https://www.vivino.com/lindemans-bin-65-chardonnay/w/2153,,,,,
15,BARBERA DA VINE PIEDMONTE DOC,,,,,,,,,
16,CUPCAKE CHARDONNAY,,,,https://www.vivino.com/cupcake-chardonnay/w/99562,,,,,
17,LINDEMANS BIN 50 SHIRAZ,,,,https://www.vivino.com/lindemans-bin-50-shiraz/w/2156,,,,,
18,GEKKEIKAN,,,,https://www.vivino.com/gekkeikan-japanese-caramel/w/2503563,,,,,
19,CHATEAU CHEVAL BRUN ST EMILION GC,,,,,,,,,
20,MARTINI & ROSSI ASTI (D.O.C.G.),,,,,,,,,
21,MASI CAMPOFIORIN RIPASSO,,,,,,,,,
22,CUPCAKE RED VELVET,,,,https://www.vivino.com/cupcake-red-velvet/w/1140866,,,,,
23,LAMBERTI DONINI MERLOT DEL PIAVE DOC,,,,,,,,,
24,TORRES VINA ESMERALDA,,,,https://www.vivino.com/torres-vina-esmeralda/w/2628,,,,,
25,SOGRAPE MATEUS ROSE,,,,,,,,,
26,RUFFINO CHIANTI,,,,https://www.vivino.com/ruffino-chianti/w/2186,,,,,
27,LINDEMANS BIN 95 SAUV BLANC,,,,,,,,,
28,GATO NEGRO CABERNET SAUVIGNON,,,,https://www.vivino.com/san-pedro-central-valley-gato-negro-cabernet-sauvignon/w/3565573,,,,,
29,CASTILLO DE MONSERAN GARNACHA,,,,https://www.vivino.com/monseran-garnacha/w/1160055,,,,,
30,COPPER MOON MERLOT,,,,https://www.vivino.com/copper-moon-moonlight-harvest-merlot/w/1184253,,,,,
31,PETER LEHMANN LAYERS RED,,,,https://www.vivino.com/peter-lehmann-layers-red/w/1374567,,,,,
32,DUBOEUF BEAUJOLAIS,,,,https://www.vivino.com/georges-duboeuf-beaujolais-villages/w/79407,,,,,
33,CUMA ORGANIC TORRONTES,,,,https://www.vivino.com/michel-torino-cuma-organic-torrontes/w/1145296,,,,,
34,ROSEMOUNT SHIRAZ CABERNET,,,,https://www.vivino.com/rosemount-shiraz-cabernet/w/2448166,,,,,
35,LUC BELAIRE GOLD BRUT,,,,https://www.vivino.com/luc-belaire-gold-brut/w/5599160,,,,,
36,GALLO FAMILY VINEYARDS CABERNET SAUV,,,,https://www.vivino.com/gallo-family-vineyards-cabernet-sauvignon/w/3380,,,,,
37,WOLF BLASS YELLOW LABEL CHARDONNAY,,,,https://www.vivino.com/wolf-blass-yellow-label-chardonnay/w/1130017,,,,,
38,MONTALTO NERO D'AVOLA CABERNET SAUVIGNON,,,,https://www.vivino.com/barone-montalto-nero-d-avola-cabernet-sauvignon/w/1505448,,,,,
39,FOLONARI PINOT GRIGIO IGT DELLE VENEZIE,,,,,,,,,
40,ROYAL RED - OKANAGAN CELLARS,,,,,,,,,
41,CARLO ROSSI FRUITY WHITE,,,,,,,,,
42,SAWMILL CREEK BARREL SELECT DRY RED,,,,,,,,,
43,BERINGER MAIN & VINE WHITE ZINFANDEL,,,,https://www.vivino.com/beringer-vineyards-main-vine-white-zinfandel-california/w/5443473,,,,,
44,SAWMILL CREEK SAUVIGNON BLANC,,,,https://www.vivino.com/sawmill-creek-sauvignon-blanc/w/1174142,,,,,
45,GRAY MONK PINOT NOIR,,,,https://www.vivino.com/gray-monk-okanagan-valley-red-pinot-noir/w/2113245,,,,,
46,WOLF BLASS YELLOW LABEL CAB SAUV,,,,,,,,,
47,FONSECA PERIQUITA,,,,https://www.vivino.com/jose-maria-da-fonseca-periquita-tinto-original/w/1635822,,,,,
48,MISSION HILL FIVE VYRDS CABERNET-MERLOT,,,,,,,,,
49,J LOHR 'RIVERSTONE' CHARDONNAY,,,,https://www.vivino.com/j-lohr-estates-riverstone-chardonnay/w/1717479,,,,,
50,PERRIN LA VIELLE FERME RED,,,,,,,,,
51,ROSEMOUNT CHARDONNAY,,,,https://www.vivino.com/rosemount-chardonnay-diamond-label/w/68254,,,,,
52,WINE O'CLOCK PINOT GRIGIO,,,,https://www.vivino.com/wine-o-clock-pinot-grigio/w/1394894,,,,,
53,DUBOEUF BEAUJOLAIS VILLAGES,,,,https://www.vivino.com/georges-duboeuf-beaujolais-villages/w/79407,,,,,
54,DOM PERIGNON,,,,https://www.vivino.com/dom-perignon-brut-champagne/w/86684,,,,,
55,GATO NEGRO CABERNET SAUVIGNON,,,,https://www.vivino.com/san-pedro-central-valley-gato-negro-cabernet-sauvignon/w/3565573,,,,,
56,PENFOLDS KOONUNGA HILL SHIRAZ CAB,,,,https://www.vivino.com/penfolds-koonunga-hill-shiraz-cabernet/w/1306,,,,,
57,MASI VALPOLICELLA BONACOSTA CLASSICO,,,,https://www.vivino.com/it-masi-bonacosta-valpolicella-classico/w/21975,,,,,
58,GALLO FAMILY VINEYARDS WHITE ZINFANDEL,,,,https://www.vivino.com/gallo-family-vineyards-white-zinfandel/w/1156607,,,,,
59,JACOB'S CREEK CHARDONNAY,,,,https://www.vivino.com/jacob-s-creek-chardonnay/w/2706,,,,,
60,DROUHIN BEAUJOLAIS VILLAGES,,,,https://www.vivino.com/joseph-drouhin-beaujolais-villages/w/24062,,,,,
61,STONELEIGH SAUVIGNON BLANC,,,,https://www.vivino.com/stoneleigh-vineyards-sauvignon-blanc/w/23834,,,,,
62,BALTASAR GARNACHA EL POLITICO,,,,https://www.vivino.com/baltasar-gracian-calatayud-el-politico-garnacha/w/4175593,,,,,
63,PERRIN LA VIELLE FERME WHITE,,,,,,,,,
64,ROSEMOUNT DIAMOND LABEL SHIRAZ,,,,https://www.vivino.com/rosemount-diamond-label-shiraz/w/67884,,,,,
65,CONO SUR TOCORNAL SAUVIGNON BLANC,,,,https://www.vivino.com/cono-sur-tocornal-sauvignon-blanc/w/73388,,,,,
66,PROSPECT PINOT GRIGIO,,,,https://www.vivino.com/prospect-ogopogo-s-lair-pinot-grigio-okanogan-valley/w/1676582,,,,,
67,MATUA HAWKES BAY SAUVIGNON BLANC,,,,https://www.vivino.com/matua-valley-sauvignon-blanc-hawke-s-bay/w/1224837,,,,,
68,J LOHR 'SEVEN OAKS' CABERNET,,,,https://www.vivino.com/j-lohr-estates-seven-oaks-cabernet-sauvignon/w/4343,,,,,
69,OYSTER BAY SAUVIGNON BLANC,,,,https://www.vivino.com/oyster-bay-sauvignon-blanc/w/9530,,,,,
70,MASI COSTASERA AMARONE CLASSICO,,,,https://www.vivino.com/it-masi-costasera-amarone-della-valpolicella-classico/w/21929,,,,,
71,CARLO ROSSI CALIFORNIA BLUSH,,,,https://www.vivino.com/carlo-rossi-blush/w/2003479,,,,,
72,PENFOLDS KOONUNGA HILL CHARDONNAY,,,,https://www.vivino.com/penfolds-koonunga-hill-chardonnay/w/1989,,,,,
73,TRAPICHE OAK CASK CABERNET,,,,https://www.vivino.com/trapiche-oak-cask-cabernet-sauvignon/w/1141324,,,,,
74,OYSTER BAY CHARDONNAY,,,,https://www.vivino.com/oyster-bay-chardonnay/w/9528,,,,,
75,JACKSON TRIGGS PS CHARDONNAY,,,,,,,,,
76,JACKSON TRIGGS PS CABERNET SAUVIGNON,,,,,,,,,
77,HESS SELECT CABERNET SAUVIGNON,,,,https://www.vivino.com/hess-select-cabernet-sauvignon/w/1639306,,,,,
78,BOTTEGA PROSECCO CONEGLANO BRUT,,,,,,,,,
79,TWO OCEANS SAUVIGNON BLANC,,,,https://www.vivino.com/two-oceans-sauvignon-blanc/w/62804,,,,,
80,COLTIVA LAMBRUSCO DI MODENA,,,,,,,,,
81,TRAPICHE OAK CASK MALBEC,,,,https://www.vivino.com/trapiche-oak-cask-malbec/w/1135810,,,,,
82,SHAW AND SMITH SHIRAZ,,,,,,,,,
83,MOREAU CHABLIS,,,,https://www.vivino.com/louis-moreau-chablis/w/779318,,,,,
84,FETZER GEWURZTRAMINER,,,,https://www.vivino.com/fetzer-vineyards-gewurztraminer/w/6678000,,,,,
85,PERRIN COTE DU RHONE RESERVE RED,,,,,,,,,
86,LA CREMA SONOMA COAST CHARDONAY,,,,https://www.vivino.com/la-crema-sonoma-coast-chardonnay/w/9103,,,,,
87,KENDALL-JACKSON CHARDONNAY VINTNER RESRV,,,,https://www.vivino.com/kendall-jackson-vintner-s-reserve-chardonnay/w/2132,,,,,
88,KENDALL-JACKSON SAUVIGNON BLANC VINTNERS,,,,https://www.vivino.com/kendall-jackson-vintner-s-reserve-sauvignon-blanc/w/1399107,,,,,
89,SPINATO PROSECCO ORGANIC,,,,https://www.vivino.com/anna-spinato-prosecco-organic/w/1983803,,,,,
90,BLASTED CHURCH MERLOT VQA,,,,,,,,,
91,DUCKHORN DECOY RED MIGRATION,,,,,,,,,
92,JACKSON TRIGGS PS MERLOT,,,,,,,,,
93,ROYAL WHITE - OKANAGAN CELLARS,,,,,,,,,
94,COPPER MOON CABERNET SAUVIGNON 4L,,,,,,,,,
95,LOUIS BERNARD COTES-DU-RHONE VILLAGES,,,,https://www.vivino.com/louis-bernard-cotes-du-rhone-villages/w/75920,,,,,
96,RICASOLI BROLIO CHIANTI CLASSICO,,,,https://www.vivino.com/ricasoli-brolio-chianti-classico/w/1166103,,,,,
97,JACKSON TRIGGS PS SAUVIGNON BLANC,,,,,,,,,
98,TAITTINGER BRUT RESERVE,,,,https://www.vivino.com/taittinger-brut-reserve-champagne/w/1129619,,,,,
99,TWO OCEANS SAUVIGNON BLANC,,,,https://www.vivino.com/two-oceans-sauvignon-blanc/w/62804,,,,,
100,BOGLE OLD VINES ZINFANDEL,,,,https://www.vivino.com/bogle-old-vine-zinfandel/w/622,,,,,
101,MICHAEL DAVID WINERY - PETITE PETIT,,,,https://www.vivino.com/michael-david-winery-petite-petit/w/1144063,,,,,
102,LUIGI BOSCA MALBEC,,,,https://www.vivino.com/luigi-bosca-malbec-mendoza-red-wine/w/2141966,,,,,
103,PENFOLDS RAWSON'S RETREAT SHIRAZ CAB,,,,,,,,,
104,ST. FRANCIS CABERNET SAUVIGNON,,,,https://www.vivino.com/st-francis-cabernet-sauvignon/w/7873,,,,,
105,BOGLE MERLOT,,,,https://www.vivino.com/bogle-merlot/w/620,,,,,
106,ECCO DOMANI PINOT GRIGIO,,,,https://www.vivino.com/ecco-domani-pinot-grigio/w/1730840,,,,,
107,SCREW IT! MALBEC,,,,https://www.vivino.com/screw-it-malbec/w/4027556,,,,,
108,RUFFINO RISERVA DUCALE CHIANTI CLASSICO,,,,https://www.vivino.com/ruffino-riserva-ducale-chianti-classico/w/1137925,,,,,
109,BANROCK STATION SHIRAZ,,,,https://www.vivino.com/banrock-station-shiraz/w/84335,,,,,
110,MARK WEST PINOT NOIR,,,,https://www.vivino.com/mark-west-winery-california-pinot-noir/w/779298,,,,,
111,GEKKEIKAN PLUM,,,,,,,,,
112,ALAMOS RIDGE CABERNET SAUVIGNON,,,,,,,,,
113,ALAMOS RIDGE MALBEC,,,,,,,,,
114,PELEE ISLAND MERLOT,,,,https://www.vivino.com/pelee-island-winery-merlot-cc77e/w/1676659,,,,,
115,ZENATO RIPASSA VALPOLICELLA CLASSICO DOC,,,,https://www.vivino.com/zenato-ripassa-valpolicella-ripasso-superiore/w/1380075?year=U.V.,,,,,
116,LUIGI BOSCA LA LINDA MALBEC,,,,https://www.vivino.com/luigi-bosca-malbec-mendoza-red-wine/w/2141966?year=U.V.,,,,,
117,WOODBRIDGE CABERNET SAUVIGNON,,,,https://www.vivino.com/woodbridge-by-robert-mondavi-cabernet-sauvignon/w/5806?year=U.V.,,,,,
118,FIGURE LIBRE 'FREE STYLE' GRENACHE,,,,https://www.vivino.com/domaine-gayda-figure-libre-freestyle-rouge/w/2503569?year=U.V.,,,,,
119,CARLO ROSSI PAISANO,,,,https://www.vivino.com/carlo-rossi-paisano/w/1133636?year=U.V.,,,,,
120,TRIVENTO RESERVE CABERNET SAUV/MALBEC,,,,https://www.vivino.com/trivento-bodegas-y-vinedos-sa-reserve-cabernet-malbec/w/14379?year=U.V.,,,,,
121,BEND IN THE RIVER RIESLING,,,,https://www.vivino.com/the-bend-in-the-river-riesling-rheinhessen/w/2381988?year=U.V.,,,,,
122,LANDLUST RIESLING MEDIUM DRY,,,,,,,,,
123,FARNESE SANGIOVESE,,,,https://www.vivino.com/farnese-fantini-sangiovese-terre-di-chieti/w/1512980?year=U.V.,,,,,
124,MISSION HILL FIVE VINEYARDS CHARDONNAY,,,,https://www.vivino.com/mission-hill-family-estate-five-vineyards-chardonnay/w/5701?year=U.V.,,,,,
125,BAROSSA VALLEY ESTATE GSM,,,,https://www.vivino.com/barossa-valley-estate-gsm-grenache-shiraz-mourvedre/w/2756195?year=U.V.,,,,,
126,TINHORN CREEK GEWURZTRAMINER VQA,,,,https://www.vivino.com/tinhorn-creek-vineyards-gewurztraminer/w/1567927?year=U.V.,,,,,
127,TINHORN CREEK PINOT GRIS VQA,,,,https://www.vivino.com/tinhorn-creek-vineyards-pinot-gris/w/85252?year=U.V.,,,,,
128,TINHORN CREEK CHARDONNAY VQA,,,,,,,,,
129,TINHORN CREEK PINOT NOIR - VQA,,,,,,,,,
130,TINHORN CREEK CABERNET FRANC VQA,,,,,,,,,
131,TINHORN CREEK MERLOT VQA,,,,,,,,,
132,MASI MODELLO MERLOT,,,,,,,,,
133,SANDHILL CABERNET-MERLOT,,,,,,,,,
134,JACKSON TRIGGS CHARDONNAY VQA,,,,,,,,,
135,JACKSON TRIGGS MERLOT VQA,,,,,,,,,
136,JACOB'S CREEK SHIRAZ,,,,,,,,,
137,VILLA TERESA ORGANIC PINOT GRIGIO,,,,,,,,,
138,VILLA TERESA ORGANIC MERLOT,,,,,,,,,
139,PROSECCO DI VALDOBBIADENE MARCO ORO DOCG,,,,,,,,,
140,CRISTALINO BRUT,,,,,,,,,
141,MANISCHEWITZ CONCORD,,,,,,,,,
142,SEGURA VIUDAS RESERVA HEREDAD GIFT BOX,,,,,,,,,
143,JACKSON TRIGGS PS CABERNET/SHIRAZ,,,,,,,,,
144,JACKSON TRIGGS PS CABERNET/MERLOT,,,,,,,,,
145,MASI MODELLO PINOT GRIGIO,,,,,,,,,
146,YELLOW TAIL CABERNET SAUVIGNON,,,,,,,,,
147,MOSELLAND PURPLE CAT RIESLING QBA,,,,,,,,,
148,NORTON MALBEC RESERVA,,,,,,,,,
149,SANDHILL MERLOT,,,,,,,,,
150,LOUIS BERNARD COTE DU RHONE,,,,,,,,,
151,GATO NEGRO MERLOT,,,,,,,,,
152,NINO FRANCO PROSECCO RUSTICO,,,,,,,,,
153,WINE O'CLOCK SHIRAZ,,,,,,,,,
154,JACKSON-TRIGGS RESERVE SAUV BLANC VQA,,,,,,,,,
155,VINELAND ESTATES CABERNET FRANC VQA,,,,,,,,,
156,J. LOHRS PAINTER BRIDGE ZINFANDEL-SHIRAZ,,,,,,,,,
157,MISSION HILL FIVE VINEYARDS ROSE,,,,,,,,,
158,STONELEIGH PINOT NOIR,,,,,,,,,
159,PENFOLDS RAWSONS RETREAT CHARDONNAY,,,,,,,,,
160,CRAGGY RANGE AVERY SAUVIGNON BLANC,,,,,,,,,
161,PELLER ESTATES PROP. RES. CAB MERLOT,,,,,,,,,
162,REDWOOD CREEK CHARDONNAY,,,,,,,,,
163,REDWOOD CREEK CABERNET SAUVIGNON,,,,,,,,,
164,YELLOW TAIL SHIRAZ,,,,,,,,,
165,YELLOW TAIL CHARDONNAY,,,,,,,,,
166,RED ROOSTER PINOT NOIR,,,,,,,,,
167,DONA PAULA ESTATE MALBEC,,,,,,,,,
168,GOATS DO ROAM RED FAIRVIEW,,,,,,,,,
169,LOS CARDOS CABERNET SAUVIGNON,,,,,,,,,
170,FARNESE FANTINI TREBBIANO D'ABRUZZO,,,,,,,,,
171,20 BEES CABERNET MERLOT,,,,,,,,,
172,QUAILS GATE MERLOT,,,,,,,,,
173,MONASTERIO DE LAS VINAS RESERVA,,,,,,,,,
174,THE VIBRANT VINE - WOOPS,,,,,,,,,
175,TORRES SANGRE DE TORO,,,,,,,,,
176,CASTORO DE ORO CRIMSON RHAPSODY (RED),,,,,,,,,
177,YELLOW TAIL PINOT GRIGIO,,,,,,,,,
178,BODEGAS BRECA,,,,,,,,,
179,WAYNE GRETZKY OKANAGAN THE GREAT RED,,,,,,,,,
180,CASTORO DE ORO PINOT NOIR,,,,,,,,,
181,SANTA MARGHERITA PROSECCO,,,,,,,,,
182,WOLFBERGER GEWURZTRAMINER STIENGRUBLER,,,,,,,,,
183,BOUCHARD PERE NUITS ST GEORGES,,,,,,,,,
184,MOSELLAND RIESLING HOCHGEWACHS LIEBLICH,,,,,,,,,
185,CA'DE ROCCHI AMARONE DOC CLASSICO,,,,,,,,,
186,PLANETA SANTA CECILIA,,,,,,,,,
187,KAESLER STONEHORSE GSM,,,,,,,,,
188,MEIOMI PINOT NOIR VNS,,,,,,,,,
189,MUGA ROSE,,,,,,,,,
190,GABBIANO CHIANTI CLASSICO RISERVA,,,,,,,,,
191,GABBIANO PINOT GRIGIO,,,,,,,,,
192,GABBIANO CHIANTI DOCG,,,,,,,,,
193,BLASTED CHURCH CABERNET MERLOT VQA,,,,,,,,,
194,ANGUS THE BULL CABERNET SAUVIGNON,,,,,,,,,
195,MASI MASIANCO,,,,,,,,,
196,OYSTER BAY MERLOT,,,,,,,,,
197,BLASTED CHURCH HATFIELD'S FUSE VQA,,,,,,,,,
198,SMOKING LOON VIOGNIER,,,,,,,,,
199,SMOKING LOON CABERNET SAUVIGNON,,,,,,,,,
200,CONO SUR ORGANIC CABERNET/CARMENERE,,,,,,,,,
201,CONO SUR TOCORNAL CABERNET SAUV/SHIRAZ,,,,,,,,,
202,LAMBERTI AMARONE DELLA VALIPOLICELLA,,,,,,,,,
203,OYSTER BAY PINOT NOIR,,,,,,,,,
204,MONKEY BAY SAUVIGNON BLANC,,,,,,,,,
205,MICHAEL-DAVID WINERY 6TH SENSE SYRAH,,,,,,,,,
206,CHOCALAN CABERNET SAUVIGNON SELECTION,,,,,,,,,
207,MENAGE A TROIS RED,,,,,,,,,
208,CARLO ROSSI CALIFORNIA WHITE,,,,,,,,,
209,ARGYLE WILLAMETTE VALLEY PINOT NOIR,,,,,,,,,
210,ARGYLE BRUT,,,,,,,,,
211,HESS COLLECTION ZINFANDEL ARTEZIN,,,,,,,,,
212,MAZZEI ZISOLA,,,,,,,,,
213,BAREFOOT CABERNET SAUVIGNON,,,,,,,,,
214,BAREFOOT CHARDONNAY,,,,,,,,,
215,BAREFOOT MERLOT,,,,,,,,,
216,BAREFOOT SHIRAZ,,,,,,,,,
217,LINDEMANS BIN 80 CABERNET MERLOT,,,,,,,,,
218,CARLO ROSSI SANGRIA,,,,,,,,,
219,ALPHA ZETA RIPASSO,,,,,,,,,
220,HESS ALLOMI CABERNET SAUVIGNON,,,,,,,,,
221,BAREFOOT PINOT GRIGIO,,,,,,,,,
222,CONO SUR ORGANIC PINOT NOIR,,,,,,,,,
223,PERIQUITA WHITE,,,,,,,,,
224,VILLA TERESA ORGANIC PROSECCO,,,,,,,,,
225,DR. ZENZEN 'ELITE' RIESLING,,,,,,,,,
226,SMALL GULLY THE FORMULA CAB/SHIRAZ BLEND,,,,,,,,,
227,BAREFOOT CABERNET SAUVIGNON,,,,,,,,,
228,BAREFOOT MERLOT,,,,,,,,,
229,BAREFOOT PINOT GRIGIO,,,,,,,,,
230,BAREFOOT SAUVIGNON BLANC,,,,,,,,,
231,BODEGAS GASCON CIRCUS MALBEC,,,,,,,,,
232,PAMPAS DEL SUR SHIRAZ MALBEC,,,,,,,,,
233,DONNA LAURA ALI SANGIOVESE,,,,,,,,,
234,CODICE,,,,,,,,,
235,CALLIA ALTA SHIRAZ MALBEC,,,,,,,,,
236,THERAPY VINEYARDS OKANAGAN MERLOT,,,,,,,,,
237,BLUE NUN GERMAN WHITE WINE,,,,,,,,,
238,ATTECA,,,,,,,,,
239,LES JAMELLES SYRAH VIN DE PAYS D'OC,,,,,,,,,
240,DA VINCI DOCG,,,,,,,,,
241,BERINGER MAIN & VINE CHARDONNAY,,,,,,,,,
242,RED ROOSTER CABERNET MERLOT,,,,,,,,,
243,COPPER MOON SHIRAZ,,,,,,,,,
244,COPPER MOON CABERNET SAUVIGNON,,,,,,,,,
245,COPPER MOON SAUVIGNON BLANC,,,,,,,,,
246,CANELLA PROSECCO DOC,,,,,,,,,
247,PROSPECT MERLOT CABERNET,,,,,,,,,
248,CHARLES SMITH KUNG FU GIRL RIESLING,,,,,,,,,
249,TRAPICHE BROQUEL MALBEC,,,,,,,,,
250,GALLO FAMILY VINEYARDS PINOT GRIGIO,,,,,,,,,
251,BAREFOOT MOSCATO,,,,,,,,,
252,CAPOTE VELHO 1L RED,,,,,,,,,
253,STARBOROUGH SAUVIGNON BLANC,,,,,,,,,
254,GHOST PINES CABERNET,,,,,,,,,
255,GHOST PINES MERLOT,,,,,,,,,
256,ZISOLA DOPPIOZETA IGT,,,,,,,,,
257,RAMON BILBAO LIMITED EDITION,,,,,,,,,
258,FEUDI DI SAN GREGORIO ZIN PRIMITIVO,,,,,,,,,
259,LA CREMA MONTEREY PINOT NOIR,,,,,,,,,
260,SOGRAPE GAZELA ROSE,,,,,,,,,
261,1865 CABERNET SAUVIGNON,,,,,,,,,
262,CANTINA TRAMIN GEWURZTRAMINER,,,,,,,,,
263,CANNONBALL CABERNET SAUVIGNON,,,,,,,,,
264,LAYER CAKE MALBEC,,,,,,,,,
265,VOGA PINOT GRIGIO,,,,,,,,,
266,VOGA RED FUSION CAB/SAUV/ZIN,,,,,,,,,
267,FINCA LA COLONIA MALBEC,,,,,,,,,
268,LOS VASCOS CABERNET SAUVIGNON,,,,,,,,,
269,C'EST LA VIE PINOT NOIR/SYRAH,,,,,,,,,
270,APOTHIC RED,,,,,,,,,
271,BEAR FLAG RED,,,,,,,,,
272,BEAR FLAG WHITE,,,,,,,,,
273,DAVINCI PINOT GRIGIO,,,,,,,,,
274,MURPHY GOODE CAB SAUV,,,,,,,,,
275,SLEDGEHAMMER CABERNET SAUVIGNON,,,,,,,,,
276,ANTANO CRIANZA,,,,,,,,,
277,ARMAND DE BRIGNAC BRUT,,,,,,,,,
278,CALLIA ALTA TORRONTES,,,,,,,,,
279,TORRES CHILE LAS MULAS ORGANIC S/BLANC,,,,,,,,,
280,TORRES CHILE LAS MULAS ORGANIC CABSV,,,,,,,,,
281,LAYER CAKE CA CABERNET SAUVIGNON,,,,,,,,,
282,COLTERENZIO GEWURZTRAMINER ALTO ADIGEDOC,,,,,,,,,
283,CHANDON BLANC DE NOIRS,,,,,,,,,
284,GHOST PINES ZINFANDEL,,,,,,,,,
285,LVD MUSCADET L'OISELINIERE,,,,,,,,,
286,CAVIT ROSCATO ROSSO,,,,,,,,,
287,COPPER MOON ROSE,,,,,,,,,
288,HAHN CHARDONNAY,,,,,,,,,
289,ORIN SWIFT 'PALERMO',,,,,,,,,
290,CHATEAU BELLE-VUE,,,,,,,,,
291,FALLENTIMBER MEADERY - TRADITIONAL,,,,,,,,,
292,WRONGO DONGO,,,,,,,,,
293,19 CRIMES SHIRAZ DURIF,,,,,,,,,
294,THE GRINDER PINOTAGE,,,,,,,,,
295,BACKHOUSE CABERNET SAUVIGNON,,,,,,,,,
296,JACKSON TRIGGS PS PINOT GRIGIO,,,,,,,,,
297,JACOB'S CREEK MOSCATO,,,,,,,,,
298,FREAKSHOW,,,,,,,,,
299,NAKED GRAPE MOSCATO,,,,,,,,,
300,BLASTED CHURCH BIG BANG THEORY VQA,,,,,,,,,
301,JACKSON-TRIGGS PS PINOT GRIGIO,,,,,,,,,
302,JACKSON-TRIGGS PS SHIRAZ,,,,,,,,,
303,FONSECA BIN 27 & MINI 10 YR ONPACK,,,,,,,,,
304,JACOB'S CREEK MOSCATO ROSE,,,,,,,,,
305,14 HANDS CABERNET SAUVIGNON,,,,,,,,,
306,CELLAR HAND PUNCH DOWN RED,,,,,,,,,
307,OYSTER BAY PINOT GRIGIO,,,,,,,,,
308,ALAMOS ALAMOS SELECCION MALBEC,,,,,,,,,
309,IF YOU SEE KAY,,,,,,,,,
310,THE VIBRANT VINE - PHANTOM,,,,,,,,,
311,SANTA ANA LA MASCOTA MALBEC,,,,,,,,,
312,FUKUMITSUYA - TRADITION JUNMAI,,,,,,,,,
313,MELINI NEOCAMPANA CHIANTI DOCG,,,,,,,,,
314,CHIANTI CLASSICO DOCG,,,,,,,,,
315,BODACIOUS SMOOTH RED,,,,,,,,,
316,SCREW IT! PINOT GRIGIO,,,,,,,,,
317,SCREW IT! SHIRAZ,,,,,,,,,
318,RUFFINO PROSECCO,,,,,,,,,
319,CAMPO VIEJO TEMPRANILLO,,,,,,,,,
320,SANTA ANA LA MASCOTA CABERNET SAUVIGNON,,,,,,,,,
321,19 CRIMES SHIRAZ GRENACHE MATARO,,,,,,,,,
322,TRAPICHE OAK CASK (RESERVE) PINOT GRIGIO,,,,,,,,,
323,MAISON MONT D'AZUR CLOUD CHASER,,,,,,,,,
324,LES JAMELLES SAUVIGNON BLANC PAYS D'OC,,,,,,,,,
325,INTO ZIN ZINFANDEL,,,,,,,,,
326,EDNA VALLEY CABERNET SAUVIGNON,,,,,,,,,
327,BLACK CELLAR MALBEC MERLOT,,,,,,,,,
328,BLACK CELLAR PINOT GRIGIO CHARDONNAY,,,,,,,,,
329,BLACK CELLAR SHIRAZ CABERNET,,,,,,,,,
330,BLACK CELLAR CAB SAUV TEMPRANILLO,,,,,,,,,
331,CARNIVOR CABERNET SAUVIGNON,,,,,,,,,
332,BAREFOOT PINK MOSCATO,,,,,,,,,
333,LAYER CAKE BAROSSA SHIRAZ,,,,,,,,,
334,SEVEN PEAKS CABERNET SAUVIGNON CALI,,,,,,,,,
335,JOSH CELLARS CABERNET SAUVIGNON,,,,,,,,,
336,APOTHIC DARK,,,,,,,,,
337,APOTHIC ROSE,,,,,,,,,
338,PICCINI FIASCO CHIANTI,,,,,,,,,
339,SANGRIA LOLEA WHITE,,,,,,,,,
340,7 IRON CABERNET SAUVIGNON,,,,,,,,,
341,BODACIOUS PINOT GRIGIO,,,,,,,,,
342,GIUSTI PROSECCO ROSALIA DOC,,,,,,,,,
343,SEVEN FALLS CABERNET SAUVIGNON,,,,,,,,,
344,FRATELLI GANCIA PROSECCO D.O.C.,,,,,,,,,
345,BLACK CELLAR PINOT GRIGIO CHARDONNAY,,,,,,,,,
346,UMBERTO CESARI SANGIOVESE RISERVA,,,,,,,,,
347,FRATELLI GANCIA ROSE,,,,,,,,,
348,TORRES 5G GARNACHA,,,,,,,,,
349,APOTHIC CRUSH,,,,,,,,,
350,UBER RIESLING,,,,,,,,,
351,KINGSTON EMINENT SHIRAZ,,,,,,,,,
352,BAREFOOT RED MOSCATO 1.5L,,,,,,,,,
353,FONSECA BIN 27 WITH BICENTENARY GIFT TIN,,,,,,,,,
354,MARTINI ASTI,,,,,,,,,
355,CRAZY TROPEZ ROSE WINE,,,,,,,,,
356,THE DREAMING TREE PINOT NOIR,,,,,,,,,
357,M&R PROSECCO,,,,,,,,,
358,WINE O'CLOCK CABERNET SAUVIGNON,,,,,,,,,
359,BOTTEGA GOLD BRUT,,,,,,,,,
360,SUGAR LOAF SAUVIGNON BLANC,,,,,,,,,
361,TORBRECK OLD VINES GSM,,,,,,,,,
362,CASTLEFORTE CORVINA IGT,,,,,,,,,
363,CASTLEFORTE AMARONE DOCG,,,,,,,,,
364,SPINATO ROSE ORGANIC,,,,,,,,,
365,LEGENDE MEDOC,,,,,,,,,
366,20 BEES PINOT GRIGIO,,,,,,,,,
367,RAVEN DEEP DARK RED,,,,,,,,,
368,DR. ZENZEN NOBLESSE KABINETT-BLUE BOTTLE,,,,,,,,,
369,RIONDO COLLEZIONE PROSECCO SPUMANTE,,,,,,,,,
370,CIELO PINOT GRIGIO,,,,,,,,,
371,BIG BILL RED,,,,,,,,,
372,GERARD BERTRAND COTE DES ROSES ROSE,,,,,,,,,
373,DONINI MERLOT,,,,,,,,,
374,19 CRIMES CABERNET SAUVIGNON,,,,,,,,,
375,RUFFINO SPARKLING ROSE,,,,,,,,,
376,LA DONCELLA TEMPRANILLO,,,,,,,,,
377,BODACIOUS CABERNET SAUVIGNON,,,,,,,,,
378,PENYA ROUGE,,,,,,,,,
379,BIG HOUSE CARDINAL ZIN IN A CAN,,,,,,,,,
380,SMOKY BAY PINOT GRIGIO,,,,,,,,,
381,SMOKY BAY CABERNET SAUVIGNON,,,,,,,,,
382,FARM TO TABLE PINOT NOIR,,,,,,,,,
383,FRANDAT ENCHANTEMENT,,,,,,,,,
384,SEA BREEZE PINOT NOIR,,,,,,,,,
385,CLOS DE CHACRAS CAVAS DE CRIANZA MALBEC,,,,,,,,,
386,CAPPO MUSCATO,,,,,,,,,
387,FINCA FLICHMAN PONCHO CRIOLLO MALBEC,,,,,,,,,
388,MONTE CREEK HANDS UP WHITE,,,,,,,,,
389,MONTE CREEK HANDS UP RED,,,,,,,,,
390,BACKYARD VINEYARDS PINOT GRIS,,,,,,,,,
391,19 CRIMES THE WARDEN RED BLEND,,,,,,,,,
392,CHATEAU SAINT ROCH CHIMERES,,,,,,,,,
393,APOTHIC INFERNO,,,,,,,,,
394,1000 STORIES ZINFANDEL,,,,,,,,,
395,TRIGA,,,,,,,,,
396,OYSTER BAY ROSE,,,,,,,,,
397,SCHIOPETTO RIBOLLA GIALLA,,,,,,,,,
398,JOYA RED,,,,,,,,,
399,SARTORI L'APPASSIONE ROSSO VENEZIE IGT,,,,,,,,,
400,COTES DU RHONE A SERAPHIN,,,,,,,,,
401,CIELO PINOT NOIR,,,,,,,,,
402,LA MARCA PROSECCO,,,,,,,,,
403,MURPHY-GOODE RED BLEND,,,,,,,,,
404,LAMBERTI SANTEPIETRE CABERNET SAUVIGNON,,,,,,,,,
405,BODEGAS VERUM MALVASIA,,,,,,,,,
406,MENAGE A TROIS GOLD CHARDONNAY,,,,,,,,,
407,CONUNDRUM RED,,,,,,,,,
408,COPPER MOON PINOT GRIGIO,,,,,,,,,
409,COLOSSAL RESERVA,,,,,,,,,
410,RENIERI INVETRO IGT TOSCANA,,,,,,,,,
411,GAME OF THRONES RED BLEND,,,,,,,,,
412,GAME OF THRONES CHARDONNAY,,,,,,,,,
413,THE LONG WEEKEND ROSE,,,,,,,,,
414,GIGGLEWATER PROSECCO DOC,,,,,,,,,
415,CHOP SHOP CABERNET SAUVIGNON,,,,,,,,,
416,GARGANEGA VERONA IGT,,,,,,,,,
417,MARE MAGNUM CRUDO RED,,,,,,,,,
418,BLACK STAR CUVEE,,,,,,,,,
419,CHATEAU TRONQUOY LALANDE ST ESTEPHE,,,,,,,,,
420,PETER LEHMANN THE BAROSSAN SHIRAZ,,,,,,,,,
421,FAZZOLETTO ROSSO BARBERA PASSITO,,,,,,,,,
422,COLLE SERENO CASA PETRONE TINTILIA,,,,,,,,,
423,19 CRIMES THE UPRISING RED BLEND,,,,,,,,,
424,PATA NEGRA BRUT ORGANIC CAVA,,,,,,,,,
425,BERINGER MAIN & VINE ROSE,,,,,,,,,
426,3 CRU AMARONE,,,,,,,,,
427,BREAD AND BUTTER CHARDONNAY,,,,,,,,,
428,BREAD AND BUTTER PINOT NOIR,,,,,,,,,
429,CORIOLE NERO,,,,,,,,,
430,CUMULUS ROLLING SHIRAZ,,,,,,,,,
431,TRAPICHE MEDALLA MALBEC,,,,,,,,,
432,RUN RAFA RUN,,,,,,,,,
433,MEIOMI ROSE,,,,,,,,,
434,DOMINI VENETI CUSTOZA DOC,,,,,,,,,
435,LONGSHOT CABERNET SAUVIGNON,,,,,,,,,
436,LONGSHOT PINOT GRIGIO,,,,,,,,,
437,LONGSHOT BIG RED BLEND,,,,,,,,,
438,TORRES SANGRE DE TORO TEMPRANILLO,,,,,,,,,
439,OUTLOT SAUVIGNON BLANC,,,,,,,,,
440,OUTLOT CABERNET,,,,,,,,,
441,BLACK CELLAR CABERNET SAUVIGNON,,,,,,,,,
442,BAREFOOT MOSCATO 3L BIB,,,,,,,,,
443,BAREFOOT PINOT GRIGIO 3L BIB,,,,,,,,,
444,BAREFOOT MERLOT 3L BIB,,,,,,,,,
445,SAN VALENTINO PINOT GRIGIO,,,,,,,,,
446,SAN VALENTINO MONTEPULCIANO,,,,,,,,,
447,BODACIOUS PINOT GRIGIO 4L,,,,,,,,,
448,JOEY TENSLEY FUNDAMENTAL RED,,,,,,,,,
449,DIVING INTO HAMPTON WATER,,,,,,,,,
450,OLD SOUL PINOT NOIR,,,,,,,,,
451,ROYAL KHVANCHKARA ALEKSANDROULI,,,,,,,,,
452,LIBERTY SCHOOL CABERNET SAUVIGNON,,,,,,,,,
453,CIELO APPASSIONATAMENTE ROSSO VENETO,,,,,,,,,
454,CASTILLO DE COVANEGRA RESERVA,,,,,,,,,
455,TRENEL COTEAUX BOURGUIGNONS,,,,,,,,,
456,LOTENGO MALBEC,,,,,,,,,
457,CARNIVOR SHIRAZ,,,,,,,,,
458,THE PEOPLE'S SESSIONS - SAUVIGNON BLANC,,,,,,,,,
459,MIONETTO ROSE EXTRA DRY,,,,,,,,,
460,CARPINETO ORIGINALE TOSCANA,,,,,,,,,
461,SANTA MARGHERITA STILROSE,,,,,,,,,
462,BESO DEL SOL RED SANGRIA,,,,,,,,,
463,THE MAGIC BOX CABERNET SAUVIGNON,,,,,,,,,
464,THE MAGIC BOX CHARDONNAY,,,,,,,,,
465,HOB NOB PINOT NOIR,,,,,,,,,
466,FOLONARI VALPOLICELLA,,,,,,,,,
467,NEGRAR VALPOLICELLA,,,,,,,,,
468,TARIMA MONASTRELL,,,,,,,,,
469,PROSPECT SHIRAZ,,,,,,,,,
470,WINE O'CLOCK CABERNET MERLOT,,,,,,,,,
471,CUMA ORGANIC MALBEC,,,,,,,,,
472,FREIXENET CORDON NEGRO BRUT,,,,,,,,,
473,BODEGAS Y VINEDOS ILURCE RIO MADRE,,,,,,,,,
474,ANDRES BABY DUCK,,,,,,,,,
475,SAVE ME SF CALIFORNIA 37 CABERNET SAUVIG,,,,,,,,,
476,LIANO IGT RUBICON,,,,,,,,,
477,WYNDHAM ESTATE BIN 222 CHARDONNAY,,,,,,,,,
478,GALLO FAMILY VINEYARDS SAUVIGNON BLANC,,,,,,,,,
479,KIM CRAWFORD MARLBOROUGH PINOT NOIR,,,,,,,,,
480,NAKED GRAPE PINOT GRIGIO,,,,,,,,,
481,NAKED GRAPE CABERNET SAUVIGNON,,,,,,,,,
482,NAKED GRAPE CHARDONNAY,,,,,,,,,
483,NAKED GRAPE SHIRAZ,,,,,,,,,
484,JACKSON TRIGGS PS MALBEC,,,,,,,,,
485,INNISKILLIN OKANAGAN RES. MERLOT,,,,,,,,,
486,SEE YA LATER RANCH PINOT NOIR,,,,,,,,,
487,JACKSON TRIGGS PS PINOT GRIGIO,,,,,,,,,